Zone,Production,Importations - Quantité,Exportations - Quantité,Pertes,Nourriture,Disponibilité intérieure,Variation de stock,Aliments pour animaux,Disponibilité alimentaire (Kcal/personne/jour),Disponibilité alimentaire en quantité (kg/personne/an),Disponibilité de matière grasse en quantité (g/personne/jour),Disponibilité de protéines en quantité (g/personne/jour),Population_1000,Taux_dependance_alimentaire,Ratio_pertes,Production_par_capita,Ratio_export_import
Afghanistan,11609.0,4555.0,601.0,1146.0,12968.0,15139.0,426.0,456.0,32.20967741935484,5.254558823529412,0.4861904761904762,0.8585714285714287,36296.113,0.30087850578779934,0.07569852198305556,0.319841402305492,0.1319428909016705
Afrique du Sud,68455.0,9020.0,10968.0,3108.0,31726.0,66840.0,-322.0,9371.0,34.333333333333336,6.395632183908045,0.9416091954022988,0.9581609195402299,57009.756,0.13494913023714647,0.04649910163825401,1.2007593717685905,1.2159643884740146
Albanie,4231.0,884.0,156.0,321.0,3631.0,4879.0,72.0,697.0,43.58974358974359,16.160128205128206,1.5073076923076922,1.5320512820512822,2884.169,0.18118463185393893,0.06579215704198461,1.4669731673237014,0.1764703886081577
Algérie,26763.0,19718.0,743.0,3683.0,33056.0,45365.0,374.0,4884.0,39.82142857142857,9.50845238095238,0.947857142857143,1.1053571428571427,41389.189,0.4346522553807505,0.08118593450488407,0.6466181145366702,0.037681304509518995
Allemagne,167828.0,66550.0,58793.0,5756.0,77988.0,174960.0,651.0,30904.0,40.9080459770115,10.84183908045977,1.700689655172414,1.1962068965517243,82658.409,0.3803726544331696,0.03289894814301013,2.0303802117655056,0.8834410085132831
Angola,28523.0,4153.0,60.0,3795.0,17025.0,32210.0,403.0,6844.0,27.301204819277107,6.562643678160919,0.5732941176470587,0.6439285714285715,29816.766,0.12893510931589228,0.1178205489655216,0.9566094137570315,0.01444738395199038
Antigua-et-Barbuda,23.0,71.0,0.0,1.0,59.0,84.0,12.0,0.0,28.24418604651163,7.192954545454546,1.0316279069767442,0.9436046511627908,95.426,0.8452280329996071,0.011904620183093058,0.2410219329959026,0.0
Arabie saoudite,9037.0,26414.0,2241.0,803.0,18086.0,32403.0,801.0,12255.0,35.0989010989011,6.003846153846154,1.1327472527472526,0.9616483516483517,33101.179,0.8151714095864145,0.024781655254709278,0.2730114153030195,0.08484136878771224
Argentine,204480.0,3391.0,63629.0,3736.0,34126.0,138346.0,5897.0,21725.0,39.5,9.471219512195121,1.4282926829268294,1.2519512195121951,43937.14,0.024511008453363247,0.02700475599580215,4.6539213828227926,18.764075858426462
Arménie,3708.0,846.0,244.0,274.0,2962.0,4383.0,-76.0,627.0,36.57142857142857,11.702441860465116,1.1535714285714287,1.1586904761904762,2944.791,0.19301843645483996,0.06251424537662666,1.2591721248903147,0.28841573473317406
Australie,127100.0,6439.0,52287.0,2874.0,22296.0,77921.0,3334.0,11209.0,38.90588235294118,10.667882352941175,1.8092941176470587,1.2707058823529411,24584.62,0.0826349753900107,0.03688350974854648,5.169898693984341,8.120359043273949
Autriche,17570.0,9485.0,7823.0,625.0,8216.0,19204.0,14.0,3746.0,42.45977011494253,10.708390804597702,1.9158620689655173,1.2426436781609196,8819.901,0.4939074935478289,0.032545301367147395,1.9920856263482292,0.8247758750895229
Azerbaïdjan,10673.0,2674.0,681.0,491.0,7799.0,12521.0,140.0,2565.0,36.92857142857143,9.429404761904761,0.7013095238095237,1.0988095238095237,9845.32,0.21356120009893778,0.039214117146065236,1.084068259430038,0.2546745494859575
Bahamas,182.0,187.0,9.0,7.0,215.0,342.0,18.0,1.0,23.482758620689655,6.5,0.8227586206896551,0.7054022988505748,381.755,0.5467820269531376,0.020467776410010498,0.47674430788252187,0.04812808487655146
Bangladesh,89461.0,18069.0,269.0,4991.0,76966.0,103387.0,3870.0,8167.0,28.844444444444445,5.414606741573034,0.37622222222222224,0.6691111111111111,159685.424,0.17477052071565552,0.04827492771552586,0.5602327200494347,0.014887375345211392
Barbade,219.0,239.0,55.0,7.0,171.0,407.0,-2.0,28.0,33.28735632183908,7.016206896551724,1.07,1.02,286.232,0.5872221444173357,0.01719897494109351,0.7651109410864575,0.2301245601482839
Belgique,27757.0,38900.0,32418.0,754.0,11603.0,32221.0,2015.0,6006.0,45.42168674698795,12.237831325301205,1.8753012048192772,1.2210843373493976,11419.748,1.20728713549278,0.02340088689361327,2.430613842738575,0.8333675878311675
Belize,2348.0,92.0,484.0,103.0,218.0,1917.0,36.0,159.0,33.25925925925926,6.927294117647059,0.9950617283950618,0.8285185185185185,375.769,0.04799162859069975,0.0537297580961095,6.248503073688693,5.2608123824741035
Bolivie (État plurinational de),20455.0,1151.0,741.0,998.0,6233.0,28387.0,-7526.0,2449.0,27.057471264367816,6.327727272727273,0.6510227272727273,0.7772727272727273,11192.855,0.0405467277082211,0.03515693679652881,1.8275049728148027,0.6437874510969148
Bosnie-Herzégovine,3628.0,2251.0,678.0,279.0,3321.0,5402.0,-203.0,1000.0,40.32098765432099,11.805357142857142,1.0098765432098764,1.1676543209876542,3351.525,0.4166974422996219,0.051647528388091744,1.0824919752972226,0.30119933309669783
Botswana,687.0,929.0,48.0,53.0,1176.0,1424.0,143.0,43.0,26.269662921348313,5.944555555555556,0.7279775280898877,0.7313483146067417,2205.08,0.652387182312372,0.03721907498660464,0.31155318103960805,0.051668405093213035
Brésil,1216178.0,17660.0,153847.0,100912.0,160133.0,1086032.0,-6041.0,90503.0,36.51685393258427,8.657191011235955,1.4,1.0210112359550563,207833.823,0.016261030967539603,0.09291807231009946,5.851684661299404,8.711607660724368
Bulgarie,16593.0,3172.0,8536.0,790.0,5168.0,10417.0,811.0,1175.0,34.47560975609756,8.558000000000002,1.1625609756097561,1.0145121951219511,7102.444,0.30450222669653193,0.0758375659174843,2.336237732217567,2.6910458098846752
Burkina Faso,10781.0,883.0,296.0,448.0,9577.0,11909.0,-543.0,58.0,30.90909090909091,5.542,0.7603370786516854,0.8548314606741573,19193.234,0.07414559793890352,0.03761860461679363,0.5617083310864479,0.3352204584139769
Bélarus,33634.0,3858.0,7500.0,670.0,9188.0,29007.0,983.0,11541.0,40.60493827160494,11.574047619047619,1.5453086419753086,1.1614814814814816,9450.231,0.13300237415098515,0.02309787213093832,3.5590660631400373,1.9440119377885074
Bénin,13676.0,3725.0,278.0,1323.0,8012.0,16363.0,812.0,2691.0,31.655172413793103,8.245862068965518,0.6680459770114943,0.7408045977011495,11175.198,0.22764772794428112,0.08085313934772723,1.2237813393748067,0.0746308524480933
Cabo Verde,150.0,262.0,29.0,9.0,279.0,396.0,18.0,42.0,30.265060240963855,6.234285714285715,0.8249397590361446,0.835301204819277,537.498,0.6616144908724978,0.022727215335314813,0.27907028664239375,0.11068660043282279
Cambodge,25990.0,1493.0,2248.0,2625.0,8067.0,24462.0,776.0,868.0,28.697674418604652,5.724772727272728,0.38139534883720927,0.7602325581395348,16009.409,0.06103343712560554,0.10730929166424284,1.6234202259795958,1.5056922265959634
Cameroun,32825.0,2418.0,664.0,4873.0,16797.0,32643.0,1931.0,3164.0,29.797752808988765,7.432282608695652,0.5955555555555556,0.7721111111111111,24566.073,0.07407407180485642,0.14928161782674332,1.3361923439618393,0.2746069997489662
Canada,129752.0,19555.0,66205.0,3200.0,33945.0,82935.0,172.0,25317.0,39.68181818181818,10.49840909090909,1.74,1.1514772727272726,36732.095,0.23578705931407656,0.03858443312733546,3.5323875882280173,3.385578962639787
Chili,25580.0,7055.0,8736.0,1167.0,12486.0,23672.0,133.0,4482.0,35.79761904761905,7.683636363636364,1.051547619047619,1.054404761904762,18470.439,0.29803141694696617,0.04929874749498363,1.3849155732077851,1.238270554462005
Chine - RAS de Hong-Kong,444.0,9647.0,3609.0,202.0,5671.0,6345.0,141.0,136.0,38.10227272727273,8.818522727272727,1.5197727272727273,1.5668181818181817,7306.322,1.5204095318503494,0.03183608639305179,0.060769281620864556,0.37410590089085716
Chine - RAS de Macao,21.0,489.0,10.0,1.0,449.0,445.0,48.0,15.0,33.32222222222222,8.068111111111111,1.4647777777777775,1.1152222222222221,622.585,1.0988739351147525,0.002247185961379862,0.03373027983282631,0.020449855930764968
"Chine, Taiwan Province de",13170.0,14429.0,1669.0,607.0,15162.0,25365.0,833.0,5431.0,34.206896551724135,7.360574712643678,1.4770114942528736,0.9851724137931034,23674.546,0.5688546986455865,0.023930612106027514,0.556293643126519,0.11566982357267838
"Chine, continentale",2147703.0,205903.0,40251.0,129667.0,1376284.0,2303613.0,10234.0,411264.0,35.92134831460674,10.882247191011237,1.0886516853932584,1.1397752808988764,1421021.791,0.08938263497845227,0.05628853455146826,1.5113793553983725,0.19548525181524673
Chypre,850.0,1115.0,387.0,53.0,804.0,1513.0,62.0,514.0,30.372093023255815,7.870344827586207,1.294418604651163,0.9325581395348838,1179.678,0.7369459769028573,0.03502971908148111,0.7205349929938567,0.3470848905068247
Colombie,85126.0,11384.0,4803.0,4514.0,38460.0,93766.0,-2062.0,6757.0,35.54022988505747,8.936590909090908,0.9621590909090909,0.8217045454545455,48909.839,0.12140861163525572,0.04814111673590516,1.7404677668133857,0.4219079039083008
Congo,3494.0,752.0,9.0,317.0,3128.0,4259.0,-22.0,79.0,26.49425287356322,6.806777777777777,0.5336363636363637,0.632159090909091,5110.695,0.1765672278546072,0.07443060003977459,0.6836642210767379,0.011968069191397352
Costa Rica,15285.0,2669.0,7413.0,1087.0,3431.0,10447.0,99.0,912.0,35.86904761904762,8.154235294117647,1.2942857142857143,0.9660714285714287,4949.954,0.2554800176624851,0.1040489993252609,3.087906859759331,2.777443695225292
Croatie,7723.0,2726.0,2503.0,329.0,4262.0,7776.0,165.0,1369.0,37.548780487804876,12.424878048780489,1.3939024390243901,1.0997560975609755,4182.857,0.35056579853834896,0.04230966534083522,1.846345250065864,0.9181948209116577
Cuba,30667.0,4582.0,1227.0,1441.0,9575.0,33585.0,436.0,5071.0,41.0722891566265,9.93670588235294,0.8671084337349397,1.0650602409638554,11339.254,0.1364299497862156,0.042906057975106215,2.7044986641538618,0.2677869341364177
Côte d'Ivoire,28622.0,4124.0,3185.0,1934.0,15783.0,25557.0,3998.0,1225.0,30.288888888888888,7.018478260869564,0.6038461538461538,0.6495604395604395,24437.47,0.16136478611085864,0.0756739806834143,1.1712341264773265,0.7723082511376694
Danemark,26176.0,7184.0,12582.0,700.0,5515.0,20070.0,861.0,7877.0,39.8,11.318117647058823,1.542470588235294,1.328470588235294,5732.274,0.3579471670180784,0.034877925516794944,4.5664243254205354,1.7513917383920186
Djibouti,83.0,1497.0,191.0,5.0,403.0,1347.0,38.0,0.0,31.86904761904762,5.134761904761905,0.7120238095238095,0.7908333333333334,944.099,1.1113577495488125,0.003711949731291959,0.08791441584577904,0.1275884251246325
Dominique,125.0,26.0,2.0,24.0,69.0,149.0,0.0,22.0,36.8125,11.772261904761905,1.0015,0.9869999999999999,71.458,0.17449547318474373,0.16107274447822498,1.7492548174477671,0.07692011845698242
El Salvador,10759.0,2717.0,1218.0,282.0,3701.0,12559.0,-304.0,942.0,29.8876404494382,6.3660439560439555,0.7197752808988764,0.8393258426966292,6388.126,0.2163388632583117,0.022454015251690797,1.6842182379905721,0.4482883885578253
Espagne,91057.0,41585.0,34158.0,3604.0,43741.0,98426.0,63.0,25196.0,38.470588235294116,11.030823529411764,1.7555294117647058,1.2587058823529411,46647.428,0.4225001481061899,0.036616340838636734,1.9520261234547354,0.8214019280653619
Estonie,2911.0,943.0,1875.0,32.0,1361.0,2007.0,-26.0,333.0,41.0253164556962,12.74679012345679,1.3437974683544303,1.3581012658227847,1319.39,0.4698552716216883,0.01594418737210395,2.2063209465579194,1.9883329922237623
Eswatini,7195.0,446.0,784.0,316.0,596.0,6790.0,66.0,350.0,28.987951807228917,6.414337349397591,0.521566265060241,0.7375903614457832,1124.805,0.06568482095952563,0.046539021128273766,6.396658623798237,1.7578435922789413
Fidji,2312.0,384.0,258.0,88.0,636.0,2415.0,33.0,130.0,35.01190476190476,8.496511627906978,1.1333333333333333,0.8795238095238095,877.459,0.15900614533907023,0.036438908306870264,2.634877943154104,0.6718732503300773
Finlande,8703.0,3007.0,1934.0,332.0,6052.0,10154.0,-378.0,2179.0,40.204819277108435,12.920470588235295,1.6814457831325302,1.385529411764706,5511.371,0.29613942326773457,0.03269647107578579,1.5790986346049585,0.6431657322362048
France,201763.0,34730.0,59628.0,5682.0,61184.0,169101.0,7766.0,29931.0,42.333333333333336,11.232380952380952,1.8775000000000002,1.3342857142857143,64842.509,0.20538021534242723,0.033601220373615646,3.111585285640547,1.7169017645579683
Fédération de Russie,334095.0,23976.0,56569.0,5313.0,129102.0,299307.0,2188.0,71587.0,40.023809523809526,10.560714285714287,1.3083333333333333,1.212738095238095,145530.082,0.08010504238088303,0.017751004761829812,2.295710914972817,2.3594009693276203
Gabon,1688.0,514.0,7.0,247.0,1412.0,2238.0,-39.0,235.0,30.697674418604652,7.872988505747125,0.6482558139534884,0.9222093023255814,2064.823,0.22966924500927388,0.11036634925542928,0.8175030898517258,0.013618650547372477
Gambie,614.0,609.0,22.0,36.0,776.0,1145.0,56.0,49.0,31.382716049382715,4.332962962962963,0.9880246913580247,0.7837037037037037,2213.889,0.5318772647360134,0.03144102057552788,0.2773398859021902,0.03612473542736383
Ghana,44045.0,4557.0,1526.0,8961.0,24776.0,46468.0,602.0,5764.0,33.71111111111111,9.453111111111111,0.4486666666666667,0.6994444444444444,29121.465,0.09806748519265979,0.1928423820082125,1.512458198361305,0.3348693581590173
Grenade,49.0,47.0,10.0,3.0,54.0,87.0,-2.0,11.0,28.61904761904762,6.251309523809524,0.9391666666666667,0.8401190476190475,110.874,0.5402236755899357,0.03448236227169803,0.4419391206313416,0.21276143060785943
Grèce,18303.0,7840.0,4812.0,1209.0,10016.0,20911.0,422.0,4502.0,40.397590361445786,11.413132530120482,1.8173493975903614,1.2666265060240964,10569.45,0.3749222717745554,0.05781645747135682,1.731688807677901,0.6137754319163989
Guatemala,52433.0,3232.0,7582.0,2207.0,7771.0,44407.0,3676.0,1422.0,28.662921348314608,5.344186046511628,0.6820224719101123,0.7846067415730337,16914.97,0.07278131662167414,0.04969937060149592,3.099798397526073,2.345915115744085
Guinée,9993.0,1604.0,171.0,1217.0,6810.0,10905.0,521.0,1107.0,32.47674418604651,6.487011494252874,0.7809090909090909,0.7101149425287356,12067.519,0.1470884780294839,0.11160017316825556,0.8280906101667947,0.10660841233889505
Guinée-Bissau,982.0,268.0,118.0,78.0,709.0,1031.0,107.0,50.0,28.871794871794872,5.002179487179487,0.807051282051282,0.5657692307692308,1828.145,0.25994155194805824,0.07565463079085277,0.5371562227524498,0.44029686456393824
Guyana,3282.0,243.0,402.0,199.0,696.0,3021.0,109.0,363.0,35.58024691358025,11.057654320987654,0.8082716049382715,1.0812345679012345,775.222,0.08043691478420563,0.06587220593439061,4.23362051951503,1.654314179777038
Géorgie,1964.0,1476.0,405.0,66.0,2429.0,3070.0,-42.0,334.0,36.80769230769231,7.49432098765432,0.8966666666666666,0.9857692307692307,4008.716,0.48078160235126954,0.021498364332780347,0.4899323150025307,0.2743900580013157
Haïti,6150.0,1752.0,10.0,753.0,4907.0,7689.0,203.0,746.0,26.06024096385542,5.0251685393258425,0.5272619047619047,0.5941666666666667,10982.366,0.22785794929666414,0.09793209807099777,0.5599885707698532,0.005707759299224144
Honduras,14050.0,1861.0,2717.0,316.0,4444.0,13264.0,-57.0,561.0,29.333333333333332,5.420344827586207,0.7932183908045976,0.7360919540229885,9429.013,0.1403045732580991,0.02382388240169765,1.4900815716256226,1.4599669747625068
Hongrie,27417.0,4055.0,14484.0,362.0,7458.0,17707.0,-728.0,4519.0,38.694117647058825,9.009294117647059,1.803294117647059,1.0324705882352943,9729.823,0.22900546512647738,0.020443891091438918,2.8178310316815596,3.5718856789431124
Inde,1223513.0,33869.0,35006.0,74526.0,710817.0,1181350.0,41025.0,65899.0,28.908045977011493,6.101264367816093,0.6482758620689655,0.7551724137931035,1338676.785,0.028669742219774207,0.0630854530299357,0.913971925707241,1.0335704911993124
Indonésie,451871.0,26108.0,39901.0,15169.0,150078.0,443350.0,-5281.0,14242.0,32.88636363636363,6.444204545454546,0.6284090909090909,0.7798863636363635,264650.963,0.05888801159605726,0.03421450313699221,1.7074224600217214,1.5283054416919932
Iran (République islamique d'),93350.0,17640.0,7122.0,6512.0,60558.0,104836.0,-968.0,17208.0,37.54216867469879,9.04421686746988,0.9355421686746989,1.0553012048192771,80673.883,0.1682628088799381,0.06211606640737851,1.1571278754844627,0.4037414737108008
Iraq,6733.0,11033.0,151.0,841.0,14219.0,17682.0,-64.0,1646.0,30.180722891566266,4.454,0.8165882352941176,0.7207142857142858,37552.781,0.6239678416486912,0.047562490240782136,0.17929430634460053,0.013686212844537946
Irlande,13790.0,7593.0,9388.0,171.0,4663.0,11303.0,714.0,4006.0,44.214285714285715,11.677619047619046,1.6804761904761905,1.259642857142857,4753.279,0.6717684975874991,0.015128725548197332,2.9011545711592834,1.2364017863292787
Islande,1710.0,296.0,1445.0,1.0,323.0,538.0,14.0,139.0,45.3625,12.29425,2.08725,1.76675,334.393,0.5501848509575261,0.0018587326045862369,5.113728117131289,4.8817402643909995
Israël,6978.0,6630.0,1275.0,324.0,7267.0,11964.0,374.0,2784.0,41.75,10.496904761904762,1.8516666666666666,1.4597619047619048,8243.848,0.5541624411432262,0.027081241467632775,0.8464492738768019,0.19230766330201157
Italie,79192.0,41462.0,26998.0,1873.0,57155.0,93706.0,-50.0,15967.0,41.43529411764706,11.083294117647059,1.782,1.2551764705882353,60673.701,0.4424689940615436,0.019988047510425717,1.305211275883578,0.6511504353106354
Jamaïque,2935.0,1260.0,184.0,233.0,1983.0,3966.0,47.0,413.0,33.18072289156626,8.188795180722892,0.9467469879518072,0.8774698795180723,2920.848,0.3177003737517968,0.05874935482870528,1.0048448242274763,0.14603163013362688
Japon,61392.0,50109.0,1689.0,3209.0,73827.0,109433.0,382.0,15382.0,30.670454545454547,6.579204545454545,0.9953409090909091,0.9831818181818182,127502.725,0.4578966083549148,0.029323878269590722,0.4814955877884524,0.03370651911420066
Jordanie,3215.0,4542.0,892.0,420.0,4800.0,7120.0,-254.0,1624.0,31.95294117647059,5.7694117647058825,1.0689411764705883,0.8127058823529412,9785.843,0.6379212587189244,0.058988755760006215,0.32853579108761594,0.19638921259594613
Kazakhstan,42042.0,3698.0,10329.0,1745.0,17001.0,36429.0,-1013.0,10067.0,38.035714285714285,11.193571428571428,1.5315476190476192,1.130595238095238,18080.019,0.10151252843853721,0.04790139592353906,2.32532928614017,2.793130667082026
Kenya,26467.0,7290.0,1369.0,1772.0,23090.0,31394.0,1000.0,1963.0,23.876404494382022,5.10788888888889,0.501,0.6763333333333333,50221.142,0.23220996903198163,0.056443904681024885,0.5270091124767909,0.1877914694387559
Kirghizistan,7958.0,934.0,274.0,198.0,5037.0,8605.0,8.0,1912.0,35.84615384615385,10.437564102564103,0.8584615384615384,1.0933333333333333,6189.733,0.10854153299924078,0.023009875303907575,1.285677219731898,0.29336157027669135
Kiribati,367.0,29.0,98.0,8.0,70.0,294.0,3.0,20.0,43.04225352112676,8.844225352112675,1.460845070422535,1.0408450704225352,114.158,0.09863912027510112,0.027210791800027893,3.2148144254942665,3.3791938209027275
Koweït,816.0,3575.0,576.0,107.0,2788.0,3743.0,69.0,778.0,42.01219512195122,8.389878048780488,1.2897560975609756,1.2157317073170733,4056.099,0.9551159617643703,0.0285866875269336,0.2011784719311654,0.16111883605067523
Lesotho,507.0,476.0,44.0,36.0,806.0,886.0,54.0,26.0,27.76829268292683,4.707804878048781,0.5285365853658537,0.7798780487804878,2091.534,0.5372454432895674,0.0406320083160177,0.24240569725106198,0.09243678059499875
Lettonie,5291.0,2513.0,4474.0,60.0,1829.0,3161.0,213.0,723.0,39.625,11.747499999999999,1.557625,1.215875,1951.097,0.7950013302748085,0.018981329015713692,2.711806377742174,1.78034151200099
Liban,3205.0,3226.0,677.0,231.0,4198.0,5831.0,-84.0,771.0,34.66265060240964,7.4156626506024095,1.0783132530120483,0.813855421686747,6819.373,0.5532497764963511,0.03961583954453103,0.4699844883122703,0.2098573435036133
Libéria,1873.0,656.0,28.0,185.0,1781.0,2417.0,83.0,58.0,25.626506024096386,4.562409638554217,0.6671084337349398,0.4808433734939759,4702.226,0.2714107275917552,0.07654113506779682,0.39832190151602637,0.04268286176393024
Lituanie,10597.0,2991.0,6858.0,332.0,3050.0,6591.0,133.0,1417.0,42.7375,13.235925925925928,1.3303749999999999,1.56325,2845.414,0.45380056838103955,0.050371711368273196,3.7242370620805745,2.2928778693153227
Luxembourg,660.0,851.0,728.0,12.0,584.0,766.0,12.0,129.0,41.160493827160494,12.210123456790123,1.68320987654321,1.3060493827160495,591.91,1.1109646070958132,0.01566577589324296,1.1150324964394986,0.855463154567386
Macédoine du Nord,2407.0,817.0,464.0,170.0,1841.0,2829.0,-65.0,523.0,37.924050632911396,11.205443037974684,1.3062025316455697,1.019367088607595,2081.996,0.28879452499309827,0.060091884025491676,1.1561015697909265,0.5679307614066568
Madagascar,14082.0,1568.0,273.0,1038.0,10792.0,15667.0,-286.0,618.0,21.850574712643677,4.74247191011236,0.2696551724137931,0.4935632183908046,25570.512,0.10008297056979827,0.06625390526240472,0.5507124553973556,0.17410703181949502
Malaisie,138863.0,18355.0,20672.0,2239.0,16760.0,132318.0,4241.0,3987.0,33.35632183908046,6.1916091954022985,1.0471264367816093,0.9065517241379311,31104.646,0.13871884294866277,0.016921355999022388,4.464381158223722,1.1262325728012763
Malawi,26100.0,256.0,203.0,2481.0,12042.0,25913.0,239.0,6328.0,30.767441860465116,7.657415730337078,0.5424137931034483,0.7813793103448277,17670.196,0.00987921082548486,0.09574344553917163,1.477063328722368,0.7929656524779201
Maldives,153.0,281.0,91.0,0.0,250.0,330.0,13.0,0.0,26.50588235294118,6.045176470588236,0.5656470588235294,0.9603529411764705,496.402,0.8515125711740268,0.0,0.3082173153667484,0.32384226390653414
Mali,17790.0,1518.0,211.0,1002.0,11464.0,17968.0,1125.0,1146.0,33.59770114942529,7.114827586206896,0.6906896551724139,0.9740229885057471,18512.43,0.08448352156703463,0.05576580277349717,0.960975897762968,0.13899859091001918
Malte,196.0,425.0,56.0,18.0,391.0,541.0,25.0,75.0,41.19047619047619,10.594880952380953,1.4065476190476192,1.3847619047619049,437.933,0.7855808029929705,0.03327165753852581,0.4475560244237716,0.13176439584848038
Maroc,34474.0,9451.0,3666.0,2206.0,24916.0,39215.0,1041.0,4529.0,39.27906976744186,8.142906976744186,0.7872093023255814,1.1398837209302326,35581.255,0.24100471143683003,0.05625398301022612,0.9688809186499769,0.38789541975500796
Maurice,4336.0,944.0,694.0,198.0,687.0,4592.0,-5.0,141.0,37.20238095238095,6.44452380952381,1.1875,1.0525,1264.499,0.20557486812393985,0.043118457509046706,3.429023329379201,0.7351687127450077
Mauritanie,1796.0,1751.0,799.0,96.0,1955.0,2323.0,431.0,132.0,32.666666666666664,5.2508045977011495,0.8343678160919541,0.9174712643678162,4282.57,0.7537663565362218,0.0413258539277426,0.41937424972055337,0.45631041901175384
Mexique,183278.0,44688.0,25255.0,10957.0,92909.0,198633.0,4430.0,27553.0,37.44827586206897,8.460909090909091,1.1451136363636363,1.0602272727272728,124777.324,0.22497772160226287,0.055162032214375094,1.468840592631714,0.5651405172498094
Mongolie,1679.0,423.0,66.0,53.0,1696.0,2099.0,-64.0,229.0,28.202380952380953,6.4990476190476185,1.1341666666666665,0.9803571428571428,3113.786,0.20152443948335422,0.02525010707474651,0.5392147889370724,0.1560279999338063
Monténégro,387.0,506.0,26.0,27.0,674.0,821.0,35.0,73.0,41.903614457831324,13.084939759036146,1.6790361445783135,1.3628915662650603,627.563,0.6163208083790398,0.03288668345105548,0.6166701722852171,0.05138329766146708
Mozambique,19463.0,2878.0,610.0,1527.0,14459.0,22333.0,-600.0,1675.0,27.070588235294117,5.801149425287356,0.47197674418604646,0.5951162790697674,28649.018,0.12886758926845523,0.06837415177655704,0.6793600855931576,0.21195267131595852
Myanmar,70428.0,3910.0,3401.0,3654.0,31247.0,70074.0,861.0,16891.0,31.776470588235295,6.57629213483146,0.9409411764705883,1.098235294117647,53382.523,0.05579815543856272,0.052144874673275755,1.3193081690929414,0.8698207494064579
Namibie,2026.0,900.0,849.0,111.0,1362.0,1671.0,426.0,75.0,27.919540229885058,6.534942528735632,0.7157471264367816,0.7126436781609196,2402.633,0.5385993186120176,0.06642724929548217,0.843241209439307,0.9433322851863498
Nicaragua,12022.0,1106.0,1688.0,699.0,3166.0,11322.0,125.0,252.0,30.546511627906977,5.770813953488371,0.7365116279069768,0.7674418604651163,6384.846,0.09768591258735977,0.06173820334409085,1.8828955494156712,1.5262192348831511
Niger,14423.0,1150.0,311.0,1784.0,10842.0,14859.0,403.0,1143.0,29.941860465116278,5.638988764044944,0.5945977011494252,0.940919540229885,21602.382,0.07739416667378918,0.12006190725742598,0.6676578227503882,0.2704345474482196
Nigéria,200878.0,9818.0,717.0,16724.0,120242.0,209539.0,437.0,42075.0,27.640449438202246,6.846630434782608,0.5496666666666666,0.6211111111111111,190873.244,0.04685523913517179,0.07981330406361917,1.0524157013205282,0.07302912273078807
Norvège,8263.0,5080.0,3513.0,160.0,4951.0,9763.0,88.0,3057.0,39.348837209302324,10.86813953488372,1.7177906976744184,1.2788372093023257,5296.326,0.5203318119090636,0.016388403524694915,1.5601378087115845,0.6915352969418707
Nouvelle-Calédonie,89.0,149.0,5.0,4.0,157.0,238.0,-3.0,22.0,31.60919540229885,6.718275862068966,1.3725287356321838,0.9554022988505748,277.15,0.6260477897151693,0.01680665207289045,0.32112458551475553,0.03355682176629687
Nouvelle-Zélande,28659.0,2477.0,24926.0,496.0,3464.0,5822.0,379.0,1388.0,35.42696629213483,8.282808988764044,1.3056179775280898,1.0202247191011236,4702.034,0.42545509696752026,0.08519407674440455,6.095020560246787,10.062975348011566
Népal,26038.0,3299.0,87.0,2127.0,19069.0,27815.0,1429.0,3771.0,31.822222222222223,7.582417582417582,0.6735555555555556,0.8175555555555556,27632.681,0.11860506494319378,0.0764695280794705,0.9422900028307061,0.02637161977216739
Oman,1845.0,3473.0,1005.0,129.0,3314.0,4206.0,107.0,319.0,34.80952380952381,8.448928571428572,0.9141666666666668,1.0123809523809524,4665.928,0.8257249582204094,0.030670463463988714,0.39541964740569346,0.28937509663832517
Ouganda,29825.0,1766.0,1973.0,915.0,22210.0,29493.0,116.0,438.0,23.81111111111111,5.93021978021978,0.4908791208791209,0.574945054945055,41166.588,0.05987861323437381,0.03102430980150172,0.7244952939870729,1.1172134104114324
Pakistan,197409.0,8662.0,8155.0,12421.0,97663.0,194476.0,3442.0,7160.0,26.123595505617978,5.277640449438202,0.8148888888888889,0.7443820224719101,207906.209,0.04454020010417635,0.06386906320641589,0.949509877554884,0.9414683743398321
Panama,5352.0,1603.0,593.0,111.0,2678.0,6309.0,53.0,629.0,32.632183908045974,7.501954022988505,0.9127586206896552,0.9128735632183909,4106.769,0.2540814306417133,0.017593910668265864,1.3032139613370117,0.36993114789073744
Paraguay,32070.0,643.0,10641.0,1929.0,4591.0,20751.0,1324.0,3831.0,32.63095238095238,7.957023809523809,1.0913095238095238,0.8553571428571428,6867.061,0.03098645699067722,0.09295937097203166,4.670119477587359,16.548963376417767
Pays-Bas,48741.0,59902.0,58877.0,1046.0,16093.0,50369.0,-563.0,12626.0,41.151898734177216,11.962405063291138,1.6360759493670887,1.3218987341772153,17021.347,1.189263213697647,0.020766741035820824,2.8635217375263107,0.9828887018315131
Philippines,117231.0,15370.0,9460.0,3992.0,60377.0,120018.0,3121.0,9623.0,30.295454545454547,6.309450549450549,0.6198863636363637,0.7120454545454545,105172.925,0.12806412264773515,0.033261677137915335,1.114649981307927,0.6154846704304053
Pologne,99238.0,14133.0,23813.0,3351.0,34707.0,86080.0,3475.0,22638.0,43.53086419753087,11.288765432098765,1.5892592592592591,1.2718518518518518,37953.18,0.16418447764655578,0.038928902893483934,2.6147478916194142,1.6849216949747616
Polynésie française,230.0,157.0,9.0,15.0,186.0,374.0,6.0,13.0,35.573170731707314,8.277439024390244,1.5329268292682927,1.1891463414634147,276.102,0.4197849738369684,0.04010684463410526,0.8330224590098624,0.05732447564028254
Portugal,12584.0,11969.0,5266.0,647.0,10716.0,18562.0,751.0,3488.0,42.609756097560975,12.697439024390244,1.7687804878048778,1.3952439024390244,10288.527,0.6448119467292346,0.03485615586379938,1.223109855948295,0.4399698855401549
Pérou,44186.0,8759.0,8069.0,4440.0,21877.0,46941.0,296.0,5098.0,30.744444444444444,7.646153846153846,0.5467032967032966,0.8613186813186813,31444.298,0.18659593560861645,0.094586819739954,1.4052149803053329,0.9212237788304853
Roumanie,51510.0,8093.0,15862.0,751.0,20595.0,36894.0,6850.0,8354.0,42.98780487804878,12.776341463414635,1.4964634146341462,1.3002439024390244,19653.969,0.21935815527299413,0.020355612827136858,2.620844541840656,1.9599651600191326
Royaume-Uni de Grande-Bretagne et d'Irlande du Nord,74136.0,38016.0,14656.0,1671.0,60347.0,94597.0,2931.0,14164.0,40.32941176470588,10.634823529411765,1.6561176470588237,1.222,66727.461,0.40187320526154946,0.017664407775464255,1.111026821310842,0.385521875380843
Rwanda,7847.0,616.0,57.0,759.0,8692.0,9101.0,-698.0,341.0,25.113636363636363,8.152359550561798,0.3091011235955056,0.6651685393258427,11980.961,0.06768486235744837,0.08339741969042745,0.6549557539703407,0.0925323173176667
République centrafricaine,2670.0,46.0,2.0,159.0,2206.0,2706.0,6.0,30.0,19.931818181818183,5.400224719101123,0.5495505617977529,0.5213483146067416,4596.023,0.016999254619639827,0.05875829314179854,0.58093691416755,0.043477315710528035
République de Corée,34733.0,29381.0,3305.0,2251.0,40830.0,61001.0,-113.0,11519.0,38.735632183908045,9.184482758620689,1.2352873563218392,1.1145977011494252,51096.415,0.4816478339429217,0.036901033804346915,0.6797541338320089,0.11248765826596582
République de Moldova,7957.0,596.0,2723.0,321.0,2370.0,5581.0,242.0,1444.0,29.9625,7.303125,0.857,0.7915,4059.684,0.10679087855386515,0.05751656378488375,1.9600042860468236,4.568784280563288
République dominicaine,15241.0,3277.0,1028.0,985.0,8289.0,17126.0,370.0,1583.0,32.08988764044944,8.765888888888888,1.1986516853932585,0.7512359550561798,10513.104,0.191346479543006,0.05751488628314339,1.4497144278498122,0.3137014605732497
République populaire démocratique de Corée,14515.0,1001.0,128.0,1090.0,12532.0,16438.0,-1053.0,1174.0,27.84931506849315,6.398831168831169,0.5152702702702703,0.7063513513513513,25429.825,0.06089548236430938,0.06630976601108614,0.570786445805803,0.127872000127872
République-Unie de Tanzanie,45188.0,1708.0,998.0,3540.0,31888.0,43867.0,2032.0,2725.0,26.263736263736263,6.410659340659341,0.59010989010989,0.6565934065934066,54660.339,0.038935873459870214,0.08069847309598394,0.8267054321286695,0.5843087913882955
Saint-Kitts-et-Nevis,28.0,28.0,1.0,0.0,23.0,50.0,3.0,0.0,31.860759493670887,6.675569620253165,1.229620253164557,0.9729113924050633,52.045,0.5599888002239956,0.0,0.5379856280982208,0.03571301024963394
Saint-Vincent-et-les Grenadines,170.0,82.0,37.0,12.0,67.0,206.0,5.0,56.0,35.68674698795181,7.925180722891565,0.956987951807229,1.0743373493975903,109.827,0.3980563201149509,0.058252144407065984,1.5478748588702333,0.45121400958524893
Sainte-Lucie,68.0,104.0,36.0,9.0,96.0,134.0,1.0,3.0,30.906976744186046,6.466046511627908,0.9602325581395349,1.0030232558139534,180.954,0.7761136110924545,0.06716367788300087,0.37578403470476085,0.3461505177834828
Samoa,293.0,70.0,18.0,18.0,159.0,346.0,-1.0,40.0,36.23170731707317,10.163780487804878,1.6965853658536585,1.0451219512195122,195.352,0.2023115540128497,0.052022971031875635,1.4998489913131612,0.25713918372594674
Sao Tomé-et-Principe,147.0,43.0,7.0,15.0,123.0,177.0,5.0,9.0,30.59493670886076,7.776329113924051,0.9432911392405062,0.6582278481012658,207.089,0.24293648058485545,0.08474528392494958,0.709836303056642,0.16278691193228065
Serbie,17550.0,1231.0,4798.0,651.0,6582.0,14588.0,-600.0,3141.0,34.9875,9.31125,1.047625,1.030375,8829.628,0.08438441977074172,0.04462571671060346,1.9876259806612484,3.8976410254743903
Sierra Leone,8263.0,864.0,52.0,2745.0,3935.0,9071.0,3.0,1594.0,30.271604938271604,6.4827160493827165,0.6620987654320987,0.6871604938271605,7488.423,0.09524858392144372,0.30261268850042017,1.103436450713795,0.060185115526486664
Slovaquie,8036.0,3973.0,4725.0,194.0,3750.0,7386.0,-105.0,1009.0,34.6375,8.607125,1.9888750000000002,0.778125,5447.9,0.5379094857961704,0.02626590491931967,1.4750635152878147,1.1892773246218664
Slovénie,2034.0,2414.0,1741.0,230.0,1902.0,2703.0,3.0,355.0,39.02439024390244,11.193658536585366,1.4679268292682928,1.1986585365853657,2076.394,0.8930814306025043,0.08509060854953439,0.9795824012290533,0.7212093118436984
Soudan,28852.0,4063.0,776.0,1806.0,20653.0,31387.0,750.0,956.0,26.42391304347826,5.500652173913044,0.7408695652173912,0.7378260869565217,40813.397,0.12944849366143646,0.057539743921376875,0.7069247211418173,0.19099183091512897
Sri Lanka,9574.0,4562.0,856.0,673.0,10796.0,14141.0,-849.0,830.0,29.647727272727273,5.741460674157302,0.5676136363636364,0.7303409090909091,21128.032,0.32260799642118687,0.047592104689052776,0.4531420411923817,0.1876369601847961
Suisse,10086.0,4978.0,2030.0,211.0,7860.0,12871.0,152.0,2041.0,41.13253012048193,11.201084337349398,1.7984337349397592,1.1501204819277107,8455.804,0.38676090538723445,0.01639344134927812,1.1927900418706439,0.40779421297826174
Suriname,701.0,189.0,184.0,49.0,326.0,654.0,45.0,52.0,32.853658536585364,7.091341463414635,0.9378048780487805,0.7335365853658536,570.496,0.2889903838067526,0.0749234328387877,1.228753174863321,0.9735398225406214
Suède,14995.0,7939.0,5401.0,451.0,9200.0,16839.0,694.0,3059.0,36.94252873563219,10.675862068965516,1.5486206896551722,1.2302298850574713,9904.896,0.47146502337044816,0.026783061536726556,1.5138976205406274,0.6803122962196377
Sénégal,6340.0,4051.0,784.0,467.0,6771.0,9756.0,-151.0,285.0,28.692307692307693,4.77391304347826,0.7985869565217392,0.6572826086956521,15419.355,0.41523160975485757,0.04786797377327042,0.4111715171502623,0.19353241334672588
Tadjikistan,6874.0,1579.0,131.0,412.0,4802.0,8263.0,61.0,2823.0,32.292307692307695,7.514305555555556,0.8576119402985075,0.839090909090909,8880.268,0.19109280030342488,0.0498608193318626,0.774075650185822,0.0829638486612738
Tchad,7547.0,219.0,215.0,703.0,5154.0,7109.0,443.0,265.0,27.526315789473685,3.7338043478260867,0.7319230769230769,0.9157142857142858,15016.753,0.03080601620396452,0.09888871868213268,0.5025719939209232,0.981730677028872
Tchéquie,22426.0,6406.0,8951.0,588.0,9251.0,20651.0,-766.0,3257.0,40.9375,10.86525,1.7710000000000001,1.081,10641.034,0.3102028807223437,0.02847319604507307,2.107501760871945,1.3972835783197661
Thaïlande,231734.0,12436.0,67587.0,6963.0,38386.0,185696.0,-9121.0,15068.0,32.86046511627907,6.524588235294118,0.746279069767442,0.7086046511627907,69209.81,0.06696967049925863,0.03749676871070584,3.3482825144544894,5.434785667836469
Timor-Leste,414.0,184.0,6.0,20.0,483.0,535.0,55.0,16.0,28.56,5.202933333333334,0.5996,0.7692000000000001,1243.258,0.3439245907951574,0.0373831076951258,0.33299577964044497,0.03260851843196504
Togo,4395.0,909.0,284.0,529.0,3422.0,4798.0,223.0,479.0,28.541176470588237,5.236,0.6592941176470588,0.674235294117647,7698.474,0.18945389965529394,0.11025424963437898,0.5708922871088105,0.31243089941595226
Trinité-et-Tobago,332.0,732.0,176.0,16.0,704.0,893.0,-4.0,104.0,34.53409090909091,5.816022727272728,1.010340909090909,0.9620454545454545,1384.059,0.8197079286585346,0.017917113194722067,0.23987399390199848,0.2404368300043306
Tunisie,10994.0,5658.0,1170.0,920.0,9881.0,15095.0,382.0,2539.0,41.795180722891565,10.410120481927711,1.184578313253012,1.1924096385542169,11433.443,0.37482607652692435,0.06094732951657307,0.9615650367465831,0.20678681392951326
Turkménistan,6138.0,1306.0,63.0,302.0,3957.0,7519.0,-139.0,2459.0,35.9,8.598,1.079125,1.1604999999999999,5757.667,0.17369328718003893,0.04016491020549139,1.0660566048615514,0.04823886046029061
Turquie,151836.0,16773.0,18501.0,12229.0,76182.0,147657.0,2478.0,24205.0,43.146341463414636,11.453170731707317,1.5367073170731709,1.2341463414634146,81116.45,0.11359434287846602,0.08282031950520247,1.8718274545813154,1.103022649316005
Ukraine,155516.0,2661.0,58297.0,3651.0,38058.0,100926.0,-1046.0,23215.0,38.88461538461539,10.966923076923077,1.0182051282051283,1.1044871794871796,44487.709,0.026365851947309393,0.03617501896265562,3.4957070166120037,21.907921116902997
Uruguay,10656.0,973.0,7236.0,425.0,2617.0,4440.0,-51.0,867.0,37.963855421686745,9.177590361445784,1.32,1.0151807228915664,3436.641,0.21914409478736602,0.0957206991620047,3.1007012077487266,7.436785779254081
Vanuatu,529.0,49.0,159.0,21.0,184.0,443.0,-27.0,55.0,32.382716049382715,8.097283950617284,1.2130864197530864,0.7866666666666666,285.51,0.11060923113040377,0.047403956198744476,1.852818280206367,3.2448317381277936
Venezuela (République bolivarienne du),15593.0,4662.0,71.0,1103.0,15699.0,21360.0,-1175.0,1472.0,25.82758620689655,6.000561797752808,0.7369318181818181,0.6397727272727273,29402.484,0.21825841674820146,0.05163857436148996,0.5303293242050799,0.015229511962781645
Viet Nam,126883.0,25602.0,24182.0,7797.0,67490.0,119375.0,8928.0,17903.0,36.725,8.595903614457832,0.9806250000000001,1.125375,94600.648,0.21446701391022396,0.0653151826989304,1.3412487265282926,0.9445355462645283
Yémen,3413.0,6131.0,277.0,156.0,8415.0,8926.0,341.0,303.0,24.258823529411764,3.437159090909091,0.45325581395348835,0.6190697674418605,27834.819,0.6868697415561571,0.017477031427623635,0.12261620517035857,0.04518022424070718
Zambie,12992.0,527.0,831.0,581.0,5998.0,12219.0,469.0,1180.0,22.818181818181817,3.999887640449438,0.5076136363636364,0.6711363636363636,16853.599,0.04312954880681326,0.047548895363868124,0.7708738785778707,1.5768471027569209
Zimbabwe,7579.0,1078.0,217.0,370.0,4812.0,9155.0,-712.0,128.0,24.908045977011493,3.8847126436781605,0.655632183908046,0.5885057471264368,14236.595,0.11774985060078093,0.04041506931566692,0.5323604041303132,0.2012985145653854
Égypte,100210.0,25755.0,4842.0,8372.0,72094.0,120217.0,904.0,13410.0,38.54651162790697,8.593218390804598,0.6605813953488372,1.1194186046511627,96442.591,0.21423758524802994,0.069640732428519,1.0390637364868833,0.18800232234508552
Émirats arabes unis,1793.0,14986.0,4914.0,525.0,5958.0,11795.0,95.0,1479.0,42.65822784810127,7.945189873417721,1.1305063291139241,1.357721518987342,9487.203,1.2705382559950609,0.04451038198301128,0.18899140357896804,0.3279060237617761
Équateur,30843.0,2134.0,8897.0,860.0,9465.0,23810.0,377.0,1017.0,29.375,6.404772727272728,1.0026966292134831,0.7389887640449437,16785.361,0.0896262037116252,0.036119276097468456,1.8374938830631116,4.169163931975664
États-Unis d'Amérique,974034.0,84507.0,207278.0,36551.0,322036.0,849821.0,1454.0,151389.0,43.241379310344826,11.38367816091954,1.9195402298850575,1.3058620689655172,325084.756,0.09944094097528662,0.043010233869238065,2.9962462989305894,2.4527908640374068
Éthiopie,52164.0,2967.0,1259.0,2915.0,38502.0,55860.0,-1983.0,4710.0,26.181818181818183,4.019666666666667,0.30112359550561796,0.7375280898876404,106399.924,0.05311492923174133,0.05218403057314661,0.4902635034752139,0.424334201437748
Îles Salomon,1059.0,124.0,164.0,54.0,419.0,989.0,31.0,15.0,30.897435897435898,8.458846153846153,0.6532051282051282,0.6876923076923077,636.039,0.12537904410612324,0.0546005514655698,1.6649896232941326,1.3225699792743606
